{"cameraMode":{"drawMode":0,"name":"Shaded","section":"Shading Mode"},"sceneLighting":true,"audioPlay":false,"sceneViewState":{"showFog":true,"showMaterialUpdate":false,"showSkybox":true,"showFlares":true,"showImageEffects":true,"showParticleSystems":true},"in2DMode":false,"pivot":{"x":39.44964599609375,"y":18.033538818359376,"z":-56.93165588378906},"rotation":{"x":-0.09306296706199646,"y":0.8903523683547974,"z":-0.21111057698726655,"w":-0.3924906551837921},"size":480.12384033203127,"orthographic":false}